OrgIndexId,GradYear,SchoolYear,StudentGroup,GradeLevel,DAT,CountExpected,CountMet,CountPrevPassed,PctMet_OSPI,PctMet,L1,L2,L3,L4,PctFoundational,CountFoundational,PctAltAssessment,DataAsOf,PctMet_Flag,PctMet_Delta
309,2035,2024-25,All Students,3,ERR_None,31,8,31,0.258,0.258064,0.5483870000000,0.1935480000000,0.1290320000000,0.1290320000000,0.452,14,0,Sep  3 2025 12:00AM,OK,0
309,2035,2024-25,Homeless,3,Lt10orNo,,,,,,,,,,,,,Sep  3 2025 12:00AM,No L3L4,
309,2035,2024-25,Low-Income,3,LtGt,,,,0.143,0.142857,0.7142860000000,0.1428570000000,0.1428570000000,0.0000000000000,0.286,,0,Sep  3 2025 12:00AM,OK,0
309,2035,2024-25,Military Parent,3,Lt10orNo,,,,,,,,,,,,,Sep  3 2025 12:00AM,No L3L4,
309,,2024-25,All Students,99,ERR_None,31,8,31,0.258,0.258064,0.5483870000000,0.1935480000000,0.1290320000000,0.1290320000000,0.452,14,0,Sep  3 2025 12:00AM,OK,0
309,,2024-25,Homeless,99,Lt10orNo,,,,,,,,,,,,,Sep  3 2025 12:00AM,No L3L4,
309,,2024-25,Low-Income,99,LtGt,,,,0.143,0.142857,0.7142860000000,0.1428570000000,0.1428570000000,0.0000000000000,0.286,,0,Sep  3 2025 12:00AM,OK,0
309,,2024-25,Military Parent,99,Lt10orNo,,,,,,,,,,,,,Sep  3 2025 12:00AM,No L3L4,
